fold,model,weight,calibration_rows,calibration_groups,fit_groups,calibration_groups_sha256,fit_groups_sha256,manifest_sha256
0,lightgbm,0.725999442270295,68652,613,2451,81fc09e38182d1882354961859eef15eb1bf0c07650d61b19a3d201c008f4de6,271c4cb91e38fda19fea15455d2257522bd8b71f0c8606f4fd74d331239658b5,ad9535bacf393be7f39d69415d99e8aed87131266ddc4c7352f850a86d047dad
0,mlp,0.274000557729705,68652,613,2451,81fc09e38182d1882354961859eef15eb1bf0c07650d61b19a3d201c008f4de6,271c4cb91e38fda19fea15455d2257522bd8b71f0c8606f4fd74d331239658b5,ad9535bacf393be7f39d69415d99e8aed87131266ddc4c7352f850a86d047dad
1,lightgbm,0.6076680377373194,68651,613,2451,3f5ddbe4107ab452ed22e8d8dc86d5965b2176f22771ec1ebed2f3c7fff65547,7b09e274ed160c8f14e5435782d46dddec88cf5829567e0ccf310f6dfef07493,361fbd0bdee671133ef57dd2cde4aa454e6f76d654ea673de83741422c9544e5
1,mlp,0.39233196226268063,68651,613,2451,3f5ddbe4107ab452ed22e8d8dc86d5965b2176f22771ec1ebed2f3c7fff65547,7b09e274ed160c8f14e5435782d46dddec88cf5829567e0ccf310f6dfef07493,361fbd0bdee671133ef57dd2cde4aa454e6f76d654ea673de83741422c9544e5
2,lightgbm,0.7116100176353529,68653,613,2451,a36978b15b4d4023b0987a254df1364b8e5885d6b76909876f2c44ddfe4a0f7e,dfe83771e82be0f7bc403763a33f64100205218a90a48ebf7bb4ec9009a06a45,c21ad4be42f40be4148c61f39d5016b06fb8da03efee4ecbad5f8957a0bef0b8
2,mlp,0.2883899823646471,68653,613,2451,a36978b15b4d4023b0987a254df1364b8e5885d6b76909876f2c44ddfe4a0f7e,dfe83771e82be0f7bc403763a33f64100205218a90a48ebf7bb4ec9009a06a45,c21ad4be42f40be4148c61f39d5016b06fb8da03efee4ecbad5f8957a0bef0b8
3,lightgbm,0.6162583137122652,68649,613,2451,a0f46c8da4beee7f14a3e5aafbfb4dd3f2d01b22b1cf7d2102369d437c0edc51,9390840c13bc2be27f1a9c36fbae241d8015b7d04db85504f11d1de79ef2a655,b77e50942571d44ab233e253d2ac89b720ed0f5ff54cf9731b7bbce7e1c0668b
3,mlp,0.38374168628773475,68649,613,2451,a0f46c8da4beee7f14a3e5aafbfb4dd3f2d01b22b1cf7d2102369d437c0edc51,9390840c13bc2be27f1a9c36fbae241d8015b7d04db85504f11d1de79ef2a655,b77e50942571d44ab233e253d2ac89b720ed0f5ff54cf9731b7bbce7e1c0668b
4,lightgbm,0.8441839406474984,68651,613,2451,2bc492dec7d4197c634432ee43ddd847b0a36f285dfd00e1324e9e63402070ae,a3ca62833afe968767cff5069bf8ba3a699728b15598f9cb7200d512b3bfd2b9,2b339886f126b9df410422aec606383b78f708643a446fee54261404d76b7a14
4,mlp,0.15581605935250165,68651,613,2451,2bc492dec7d4197c634432ee43ddd847b0a36f285dfd00e1324e9e63402070ae,a3ca62833afe968767cff5069bf8ba3a699728b15598f9cb7200d512b3bfd2b9,2b339886f126b9df410422aec606383b78f708643a446fee54261404d76b7a14
