fold,model,rmspe,rows
0,blend,0.21084676939848257,85786
0,lightgbm,0.21267246527231917,85786
0,mlp,0.22001510164867596,85786
1,blend,0.213253145571856,85784
1,lightgbm,0.21468865051982197,85784
1,mlp,0.22355590656978291,85784
2,blend,0.2307864009718264,85790
2,lightgbm,0.23299821106103025,85790
2,mlp,0.24026569100280423,85790
3,blend,0.21192299965219932,85787
3,lightgbm,0.21089026710101308,85787
3,mlp,0.22648702489810146,85787
4,blend,0.21818582864468422,85785
4,lightgbm,0.21969440312825886,85785
4,mlp,0.22588015387540414,85785
