fold,feature,standardized_coefficient
0,rv_pred,0.00020312305423431098
0,rv2,0.0001737273414619267
0,rv3,0.00018225445819552988
0,rv4,0.00011731375707313418
0,rv1_last500,3.284514241386205e-05
0,rv2_last500,2.6442648959346116e-05
0,rv1_last400,-3.270183515269309e-05
0,rv2_last400,0.00020011267042718828
0,rv1_last300,0.00022950247512198985
0,rv2_last300,-4.9484267947264016e-05
0,rv1_last200,-4.808899393538013e-05
0,rv2_last200,1.7556900274939835e-05
0,rv1_last100,0.00029035835177637637
0,rv2_last100,0.00011492442718008533
0,rv_accel,-4.9929425586014986e-05
0,bpv,-0.0005948166945017874
0,bpv_sqrt,0.0007276233518496156
0,jump_var,-9.078896255232394e-05
0,jump_frac,4.091906521352939e-05
0,wap1_std,0.00016968019190244377
0,wap2_std,-0.00011616028496064246
0,wap_balance_sum,7.890560664236546e-05
0,wap_balance_max,-6.808484613429755e-05
0,price_spread_sum,0.0008348623523488641
0,price_spread_max,-0.0002428758452879265
0,price_spread2_sum,-0.0004935953766107559
0,bid_spread_sum,0.00014942907728254795
0,bid_spread_max,-3.1847230275161564e-06
0,ask_spread_sum,-6.308083538897336e-05
0,ask_spread_max,0.0001764878397807479
0,bid_ask_sp_sum,0.00010777234274428338
0,bid_ask_sp_max,2.5484623620286584e-05
0,total_vol_sum,-3.7990103010088205e-05
0,total_vol_max,-3.4982185752596706e-06
0,vol_imb_sum,-1.2849923223257065e-05
0,vol_imb_max,4.647950845537707e-06
0,obi_mean,2.015473000938073e-06
0,obi_std,2.4685114112799056e-06
0,obi_last,9.218688319378998e-07
0,depth_imb_mean,-7.096547051332891e-06
0,wap_range,4.921390791423619e-05
0,book_count,-9.080860763788223e-05
0,trade_rv,0.00012875371612608433
0,trade_count,-8.078901737462729e-05
0,trade_count_max,-2.5923134671756998e-05
0,size_sum,-0.0001657357788644731
0,size_max,-0.001531177549622953
0,size_min,9.671020961832255e-07
0,amount_sum,0.0002133274683728814
0,amount_max,0.001519388984888792
0,unique_seconds,0.00039121246663853526
0,size_tau,5.912777851335704e-06
0,size_tau2,2.928129833890125e-05
0,trade_rv_last400,4.206644371151924e-05
0,trade_count_last400,0.00014835712499916553
0,size_sum_last400,-0.00010182960977545008
0,uniq_sec_last400,-0.0001370959944324568
0,size_tau_last400,-1.9650247850222513e-05
0,size_tau2_last400,-5.3250405471771955e-06
0,trade_rv_last300,-3.6770998121937737e-06
0,trade_count_last300,-4.696971154771745e-05
0,size_sum_last300,4.683512088377029e-05
0,uniq_sec_last300,-1.2176937161711976e-05
0,size_tau_last300,-1.8601076590130106e-07
0,size_tau2_last300,6.990369001869112e-06
0,trade_rv_last200,0.0001300802396144718
0,trade_count_last200,8.022563997656107e-05
0,size_sum_last200,-7.999061199370772e-05
0,uniq_sec_last200,7.020847988314927e-06
0,size_tau_last200,8.098084435914643e-06
0,size_tau2_last200,-2.3874050384620205e-05
0,size_tau2_d,5.560470526688732e-06
0,trade_vol_accel,4.458909643290099e-06
0,tendency,-4.401146725285798e-06
0,f_max,-7.379013550234959e-05
0,f_min,-7.487052062060684e-05
0,df_max,-3.499034937703982e-05
0,df_min,-1.8242346413899213e-05
0,price_iqr,-2.839917578967288e-05
0,size_iqr,-7.79481342760846e-06
0,rv_cs_rank,7.223716238513589e-07
0,spread_cs_rank,2.307616887264885e-05
0,mkt_rv_pred_mean,-0.0030254784505814314
0,mkt_rv_pred_std,0.00044374691788107157
0,mkt_rv2_mean,0.0013079858617857099
0,mkt_rv2_std,-0.000581996631808579
0,mkt_rv1_last400_mean,0.0026022843085229397
0,mkt_rv1_last400_std,-0.00024955900153145194
0,mkt_rv1_last300_mean,-0.0026999609544873238
0,mkt_rv1_last300_std,0.00038134786882437766
0,mkt_rv1_last200_mean,0.0021593966521322727
0,mkt_rv1_last200_std,-0.000333404605044052
1,rv_pred,0.0003624415840022266
1,rv2,0.00019544243696145713
1,rv3,0.0001924768293974921
1,rv4,7.780369924148545e-05
1,rv1_last500,6.873138772789389e-05
1,rv2_last500,-7.331123924814165e-06
1,rv1_last400,-0.0001363230257993564
1,rv2_last400,0.00025655661011114717
1,rv1_last300,0.0002655630523804575
1,rv2_last300,-0.00014540513802785426
1,rv1_last200,-3.118855238426477e-05
1,rv2_last200,0.00012076864368282259
1,rv1_last100,0.0002998928539454937
1,rv2_last100,7.556576747447252e-05
1,rv_accel,-4.811286271433346e-05
1,bpv,-0.0005636129062622786
1,bpv_sqrt,0.0006211740546859801
1,jump_var,-0.00010468790424056351
1,jump_frac,3.4719174436759204e-05
1,wap1_std,5.6516306358389556e-05
1,wap2_std,-2.661775579326786e-05
1,wap_balance_sum,0.00011453947809059173
1,wap_balance_max,-0.00010023461072705686
1,price_spread_sum,6.87051797285676e-05
1,price_spread_max,-0.00022826390340924263
1,price_spread2_sum,0.0005320881027728319
1,bid_spread_sum,-2.587397648312617e-05
1,bid_spread_max,1.2120624887757003e-05
1,ask_spread_sum,9.861726721283048e-05
1,ask_spread_max,0.00016623164992779493
1,bid_ask_sp_sum,-6.347752787405625e-05
1,bid_ask_sp_max,1.7915355783770792e-05
1,total_vol_sum,-2.7187588784727268e-05
1,total_vol_max,-3.542560079949908e-06
1,vol_imb_sum,-1.7632344679441303e-05
1,vol_imb_max,-8.912507837521844e-06
1,obi_mean,-1.1199117579963058e-06
1,obi_std,6.561895133927464e-07
1,obi_last,-2.2141739464132115e-07
1,depth_imb_mean,-5.764282832387835e-06
1,wap_range,4.6542700147256255e-05
1,book_count,-8.538713154848665e-05
1,trade_rv,0.00011381685908418149
1,trade_count,-4.587339935824275e-05
1,trade_count_max,-3.141083288937807e-05
1,size_sum,-0.0005745438393205404
1,size_max,-0.001328307669609785
1,size_min,-5.70421434531454e-07
1,amount_sum,0.0005785085959360003
1,amount_max,0.0013365691993385553
1,unique_seconds,0.0009341685799881816
1,size_tau,2.2792217350797728e-05
1,size_tau2,2.165465775760822e-05
1,trade_rv_last400,7.175985956564546e-06
1,trade_count_last400,0.00011118109978269786
1,size_sum_last400,-7.774328696541488e-05
1,uniq_sec_last400,-9.530321403872222e-05
1,size_tau_last400,-2.2426265786634758e-05
1,size_tau2_last400,-6.794954970246181e-06
1,trade_rv_last300,2.0147475879639387e-05
1,trade_count_last300,-3.566806117305532e-05
1,size_sum_last300,6.931064126547426e-05
1,uniq_sec_last300,-2.8605834813788533e-05
1,size_tau_last300,-4.393412382341921e-05
1,size_tau2_last300,2.9143278879928403e-05
1,trade_rv_last200,0.0001419563195668161
1,trade_count_last200,8.67825438035652e-05
1,size_sum_last200,-9.527477959636599e-05
1,uniq_sec_last200,-7.50865729060024e-06
1,size_tau_last200,4.2396477510919794e-05
1,size_tau2_last200,-3.329989704070613e-05
1,size_tau2_d,5.506610250449739e-06
1,trade_vol_accel,3.2477814784215298e-06
1,tendency,-6.602003850275651e-06
1,f_max,-0.0003510393435135484
1,f_min,-0.00034842200693674386
1,df_max,-4.515806358540431e-05
1,df_min,-3.3572046959307045e-05
1,price_iqr,-1.2442178558558226e-06
1,size_iqr,-9.693408173916396e-06
1,rv_cs_rank,-6.944384949747473e-06
1,spread_cs_rank,3.543644925230183e-05
1,mkt_rv_pred_mean,-0.0028338192496448755
1,mkt_rv_pred_std,0.00042417715303599834
1,mkt_rv2_mean,0.0012344946153461933
1,mkt_rv2_std,-0.0005810613511130214
1,mkt_rv1_last400_mean,0.0018498870776966214
1,mkt_rv1_last400_std,-0.00016887474339455366
1,mkt_rv1_last300_mean,-0.0017547650495544076
1,mkt_rv1_last300_std,0.0002960029523819685
1,mkt_rv1_last200_mean,0.0018624463118612766
1,mkt_rv1_last200_std,-0.0003122989437542856
2,rv_pred,0.0003600110940169543
2,rv2,0.0002652239054441452
2,rv3,0.00021495854889508337
2,rv4,8.149447239702567e-05
2,rv1_last500,0.00011192246165592223
2,rv2_last500,5.755340680480003e-06
2,rv1_last400,-0.00014940973778720945
2,rv2_last400,0.00021264003589749336
2,rv1_last300,0.0002911400515586138
2,rv2_last300,-0.000199135800357908
2,rv1_last200,-7.873337744968012e-05
2,rv2_last200,0.00019603274995461106
2,rv1_last100,0.0003143871726933867
2,rv2_last100,5.902684642933309e-05
2,rv_accel,-4.794992128154263e-05
2,bpv,-0.000586926587857306
2,bpv_sqrt,0.0005942368297837675
2,jump_var,-0.00010835321882041171
2,jump_frac,2.9904700568295084e-05
2,wap1_std,1.4843375538475811e-05
2,wap2_std,5.3010007832199335e-06
2,wap_balance_sum,9.484527981840074e-05
2,wap_balance_max,-0.0001115648919949308
2,price_spread_sum,0.0004624783468898386
2,price_spread_max,-0.00022925360826775432
2,price_spread2_sum,-2.5458575692027807e-05
2,bid_spread_sum,6.631013820879161e-05
2,bid_spread_max,1.3599099474959075e-05
2,ask_spread_sum,2.2271080524660647e-05
2,ask_spread_max,0.00016148763825185597
2,bid_ask_sp_sum,2.2616794012719765e-05
2,bid_ask_sp_max,7.4906165536958724e-06
2,total_vol_sum,6.6514221543911844e-06
2,total_vol_max,-3.849492350127548e-05
2,vol_imb_sum,-3.112799458904192e-05
2,vol_imb_max,2.2495107259601355e-05
2,obi_mean,-1.2424388842191547e-06
2,obi_std,-5.213805707171559e-07
2,obi_last,-1.6520648387086112e-06
2,depth_imb_mean,-4.709392669610679e-06
2,wap_range,5.546011379919946e-05
2,book_count,-8.537439134670421e-05
2,trade_rv,8.61638254718855e-05
2,trade_count,-3.084862692048773e-05
2,trade_count_max,-3.198174817953259e-05
2,size_sum,-0.00021710025612264872
2,size_max,-0.001083334325812757
2,size_min,-2.890774339903146e-07
2,amount_sum,0.00022247861488722265
2,amount_max,0.001083908136934042
2,unique_seconds,0.0007841526530683041
2,size_tau,8.643793989904225e-06
2,size_tau2,7.711941725574434e-05
2,trade_rv_last400,5.445290298666805e-05
2,trade_count_last400,0.0001365837815683335
2,size_sum_last400,-0.00010573929466772825
2,uniq_sec_last400,-0.00011352814908605069
2,size_tau_last400,5.5665695981588215e-06
2,size_tau2_last400,-7.649076724192128e-05
2,trade_rv_last300,-1.314765540882945e-06
2,trade_count_last300,1.0377887520007789e-05
2,size_sum_last300,6.722850230289623e-06
2,uniq_sec_last300,-1.2513017281889915e-05
2,size_tau_last300,-4.5985172619111836e-05
2,size_tau2_last300,1.8871622160077095e-05
2,trade_rv_last200,0.0001557944342494011
2,trade_count_last200,-1.2979067832930014e-05
2,size_sum_last200,7.66015364206396e-06
2,uniq_sec_last200,-1.0463532817084342e-05
2,size_tau_last200,2.0217870769556612e-05
2,size_tau2_last200,-1.5269106370396912e-05
2,size_tau2_d,2.586872869869694e-05
2,trade_vol_accel,3.5467237466946244e-06
2,tendency,-9.173085345537402e-06
2,f_max,-0.00028295579249970615
2,f_min,-0.00028199402731843293
2,df_max,-3.343060234328732e-05
2,df_min,-2.5095145247178152e-05
2,price_iqr,5.79502375330776e-06
2,size_iqr,-1.090241494239308e-05
2,rv_cs_rank,-5.620298907160759e-06
2,spread_cs_rank,3.263639518991113e-05
2,mkt_rv_pred_mean,-0.0029266392812132835
2,mkt_rv_pred_std,0.0003769212344195694
2,mkt_rv2_mean,0.001209055189974606
2,mkt_rv2_std,-0.0005966803291812539
2,mkt_rv1_last400_mean,0.0023162225261330605
2,mkt_rv1_last400_std,-0.0001349605736322701
2,mkt_rv1_last300_mean,-0.0020077673252671957
2,mkt_rv1_last300_std,0.00029129121685400605
2,mkt_rv1_last200_mean,0.0017724731005728245
2,mkt_rv1_last200_std,-0.00029028652352280915
3,rv_pred,0.0002959471894428134
3,rv2,0.00021695658506359905
3,rv3,0.0001668842014623806
3,rv4,0.00011477906082291156
3,rv1_last500,8.3387982158456e-05
3,rv2_last500,3.34219221258536e-05
3,rv1_last400,-9.833110379986465e-05
3,rv2_last400,0.00019294093362987041
3,rv1_last300,0.00023246629280038178
3,rv2_last300,-0.00016830017557367682
3,rv1_last200,-1.8407677998766303e-05
3,rv2_last200,0.00010310700599802658
3,rv1_last100,0.0002890823525376618
3,rv2_last100,9.697361383587122e-05
3,rv_accel,-4.790315870195627e-05
3,bpv,-0.0005541796563193202
3,bpv_sqrt,0.0006326357834041119
3,jump_var,-0.00011141686263727024
3,jump_frac,3.466378620942123e-05
3,wap1_std,8.342509681824595e-05
3,wap2_std,-6.434675742639229e-05
3,wap_balance_sum,0.00010632879275362939
3,wap_balance_max,-7.193394412752241e-05
3,price_spread_sum,-9.854197560343891e-05
3,price_spread_max,-0.00023586562019772828
3,price_spread2_sum,0.0007804653141647577
3,bid_spread_sum,-6.313573976512998e-05
3,bid_spread_max,1.6951176803559065e-05
3,ask_spread_sum,0.00013825003406964242
3,ask_spread_max,0.00016319184214808047
3,bid_ask_sp_sum,-0.00010277943511027843
3,bid_ask_sp_max,1.593227352714166e-05
3,total_vol_sum,-2.9782415367662907e-05
3,total_vol_max,-2.380829755566083e-06
3,vol_imb_sum,-2.3462464014301077e-05
3,vol_imb_max,5.934052751399577e-07
3,obi_mean,-8.730894478503615e-07
3,obi_std,3.7288646126398817e-07
3,obi_last,2.2024391910235863e-07
3,depth_imb_mean,-4.4950465962756425e-06
3,wap_range,5.877121293451637e-05
3,book_count,-8.173181413440034e-05
3,trade_rv,0.00012672931188717484
3,trade_count,-5.784365930594504e-05
3,trade_count_max,-3.14751778205391e-05
3,size_sum,-0.0003590626292861998
3,size_max,-0.0016404797788709402
3,size_min,-4.2530609789537266e-07
3,amount_sum,0.00038493319880217314
3,amount_max,0.0016396613791584969
3,unique_seconds,0.00163475819863379
3,size_tau,1.8024253222392872e-05
3,size_tau2,1.990774762816727e-05
3,trade_rv_last400,6.10999995842576e-06
3,trade_count_last400,0.0001062914525391534
3,size_sum_last400,-5.891890396014787e-05
3,uniq_sec_last400,-0.00010274852684233338
3,size_tau_last400,-2.0782776118721813e-05
3,size_tau2_last400,2.749446139205247e-06
3,trade_rv_last300,2.3234468244481832e-05
3,trade_count_last300,-9.044073522090912e-06
3,size_sum_last300,1.9202270777896047e-06
3,uniq_sec_last300,-6.3887091528158635e-06
3,size_tau_last300,-3.6722442018799484e-05
3,size_tau2_last300,1.9333539967192337e-05
3,trade_rv_last200,0.00013165283598937094
3,trade_count_last200,6.129979738034308e-05
3,size_sum_last200,-5.7159959396813065e-05
3,uniq_sec_last200,-1.0748346539912745e-05
3,size_tau_last200,3.4872682590503246e-05
3,size_tau2_last200,-2.4281478545162827e-05
3,size_tau2_d,1.3088883861200884e-06
3,trade_vol_accel,4.294215614208952e-06
3,tendency,-7.535032636951655e-06
3,f_max,-0.0007252313662320375
3,f_min,-0.0007168775191530585
3,df_max,-4.5958280679769814e-05
3,df_min,-1.815577707020566e-05
3,price_iqr,5.017140210838988e-06
3,size_iqr,-1.0081314940180164e-05
3,rv_cs_rank,-7.467053364962339e-06
3,spread_cs_rank,3.2906955311773345e-05
3,mkt_rv_pred_mean,-0.0030473952647298574
3,mkt_rv_pred_std,0.00041658911504782736
3,mkt_rv2_mean,0.0013737097615376115
3,mkt_rv2_std,-0.0005726485978811979
3,mkt_rv1_last400_mean,0.0021706940606236458
3,mkt_rv1_last400_std,-0.00016798570868559182
3,mkt_rv1_last300_mean,-0.0020123072899878025
3,mkt_rv1_last300_std,0.00026876485208049417
3,mkt_rv1_last200_mean,0.0018760648090392351
3,mkt_rv1_last200_std,-0.0002773741143755615
4,rv_pred,0.000259937543887645
4,rv2,0.00016845084610395133
4,rv3,0.00020043840049766004
4,rv4,8.427182183368132e-05
4,rv1_last500,6.811450293753296e-05
4,rv2_last500,5.679055175278336e-05
4,rv1_last400,-0.00011782493675127625
4,rv2_last400,0.0002174755500163883
4,rv1_last300,0.00026220304425805807
4,rv2_last300,-0.0001699738932074979
4,rv1_last200,-5.45074581168592e-05
4,rv2_last200,0.00012487094500102103
4,rv1_last100,0.0002939849509857595
4,rv2_last100,0.00010707740148063749
4,rv_accel,-4.395974247017875e-05
4,bpv,-0.0006065973429940641
4,bpv_sqrt,0.0007375477580353618
4,jump_var,-7.359877054113895e-05
4,jump_frac,3.54100666299928e-05
4,wap1_std,4.3913256376981735e-05
4,wap2_std,-4.882615030510351e-05
4,wap_balance_sum,8.662680193083361e-05
4,wap_balance_max,-8.858296496327966e-05
4,price_spread_sum,0.00019903710926882923
4,price_spread_max,-0.00023692533432040364
4,price_spread2_sum,0.0003915238776244223
4,bid_spread_sum,1.3874250726075843e-06
4,bid_spread_max,1.16737064672634e-05
4,ask_spread_sum,7.390063547063619e-05
4,ask_spread_max,0.00018240582721773535
4,bid_ask_sp_sum,-3.724608541233465e-05
4,bid_ask_sp_max,1.73174703377299e-05
4,total_vol_sum,-5.092420178698376e-05
4,total_vol_max,2.7322657842887565e-05
4,vol_imb_sum,-8.158549462677911e-06
4,vol_imb_max,-2.2105641619418748e-05
4,obi_mean,6.936861609574407e-07
4,obi_std,3.570312401279807e-07
4,obi_last,-4.438265932549257e-08
4,depth_imb_mean,-7.430495315929875e-06
4,wap_range,7.097530033206567e-05
4,book_count,-8.837227505864576e-05
4,trade_rv,0.00010015824227593839
4,trade_count,-4.10380307585001e-05
4,trade_count_max,-4.157063813181594e-05
4,size_sum,-0.00022644060663878918
4,size_max,-0.0015711960149928927
4,size_min,2.5419176381547004e-06
4,amount_sum,0.00024237902835011482
4,amount_max,0.00158296013250947
4,unique_seconds,0.0008825607947073877
4,size_tau,1.9568446077755652e-05
4,size_tau2,9.36080323299393e-06
4,trade_rv_last400,2.8835231205448508e-05
4,trade_count_last400,0.00013098196359351277
4,size_sum_last400,-0.00010380911407992244
4,uniq_sec_last400,-7.970457227202132e-05
4,size_tau_last400,2.965905878227204e-06
4,size_tau2_last400,-4.8228339437628165e-06
4,trade_rv_last300,2.772354127955623e-05
4,trade_count_last300,-4.1003586375154555e-06
4,size_sum_last300,2.4333145120181143e-05
4,uniq_sec_last300,-2.680900797713548e-05
4,size_tau_last300,-3.9818332879804075e-05
4,size_tau2_last300,2.757044421741739e-05
4,trade_rv_last200,0.00014591123908758163
4,trade_count_last200,3.370926060597412e-05
4,size_sum_last200,-3.990622644778341e-05
4,uniq_sec_last200,-1.777078432496637e-05
4,size_tau_last200,3.151503187837079e-05
4,size_tau2_last200,-2.686170773813501e-05
4,size_tau2_d,1.4524812286254019e-07
4,trade_vol_accel,4.37933022112702e-06
4,tendency,-1.0959891369566321e-05
4,f_max,-0.0003270770248491317
4,f_min,-0.00032081559766083956
4,df_max,-4.403321509016678e-05
4,df_min,-3.9415928767994046e-05
4,price_iqr,1.0088511771755293e-05
4,size_iqr,-1.3006549124838784e-05
4,rv_cs_rank,-1.0027357348008081e-05
4,spread_cs_rank,3.0530543881468475e-05
4,mkt_rv_pred_mean,-0.0027600398752838373
4,mkt_rv_pred_std,0.00034818745916709304
4,mkt_rv2_mean,0.001285576494410634
4,mkt_rv2_std,-0.0005581083241850138
4,mkt_rv1_last400_mean,0.001767854206264019
4,mkt_rv1_last400_std,-9.035578113980591e-05
4,mkt_rv1_last300_mean,-0.0019409462111070752
4,mkt_rv1_last300_std,0.00028814910911023617
4,mkt_rv1_last200_mean,0.001986950170248747
4,mkt_rv1_last200_std,-0.0003171550342813134
