section,model_id,description,run_directory,split_strategy,seed,n_features,pooled_oof_rmspe,conditional_grouped_percentile_lower,conditional_grouped_percentile_upper,mean_fold_rmspe,std_fold_rmspe,comparison_reference,paired_difference,conditional_paired_grouped_percentile_lower,conditional_paired_grouped_percentile_upper,selection_status
baseline,B3,stock-calibrated persistence,artifacts/baseline_group5_seed2021_hardened,group_kfold,2021,1,0.2791275817766794,0.2752513141945997,0.28318872144222695,,,,,,,reference_only
linear_baseline,Ridge_full_clean_92,Ridge base model directly predicting target from 92 engineered features,artifacts/ridge_full_clean_group5_seed2021,group_kfold,2021,92,0.23587909985707264,0.2329645122521011,0.23898715523673472,0.2358477955572517,0.0038385232417776963,,,,,direct_linear_base_model
baseline,B2,global-calibrated persistence,artifacts/baseline_group5_seed2021_hardened,group_kfold,2021,1,0.28582502714290237,0.28028326195351894,0.29219202279492723,,,,,,,reference_only
baseline,B1,raw rv_pred persistence,artifacts/baseline_group5_seed2021_hardened,group_kfold,2021,1,0.3413544901880161,0.3339288081839432,0.3503507796624345,,,,,,,reference_only
baseline,B_stock_constant,training-fold stock-optimal constant,artifacts/baseline_group5_seed2021_hardened,group_kfold,2021,0,0.4601652962849458,0.4542462887824934,0.4660931284708601,,,,,,,reference_only
baseline,B0,training-fold RMSPE-optimal constant,artifacts/baseline_group5_seed2021_hardened,group_kfold,2021,0,0.5533379877023357,0.5480457640366654,0.5586245688137985,,,,,,,reference_only
ablation,L0,rv_pred only,artifacts/l0_rv_only_fixed90_l128_seed2021,group_kfold,2021,1,0.2661254536162462,0.26029644898420984,0.27307881716087007,0.2660246938671086,0.007317485335151822,,,,,main_table
ablation,L1,current-window volatility G0,artifacts/l1_current_rv_fixed90_l128_seed2021,group_kfold,2021,4,0.25907570298155497,0.2531800062505579,0.265828003142106,0.2589450383890945,0.008222252441948652,L0,-0.00704975063469121,-0.008525413354339718,-0.005528873549817775,promoted_increment
ablation,L2,G0 plus multi-window volatility G1,artifacts/l2_multiscale_fixed90_l128_seed2021,group_kfold,2021,15,0.2486189033405986,0.24295691638450587,0.2553954543345616,0.24844588656927993,0.009268556183956387,L1,-0.01045679964095636,-0.011876985837256758,-0.009028889568174119,promoted_increment
ablation,L3,L2 plus bipower and jump G2,artifacts/l3_jump_fixed90_l128_seed2021,group_kfold,2021,19,0.24770669246713092,0.2421442794061067,0.25427051108089016,0.2475675066824424,0.008298060209827261,L2,-0.0009122108734676837,-0.002328497899250285,0.0006419658550536228,inconclusive_increment
ablation,L4,L3 plus order-book G3,artifacts/l4_book_fixed90_l128_seed2021,group_kfold,2021,42,0.24021326977533902,0.23562679296966985,0.24554512573704204,0.24010702138467974,0.007138954638418796,L3,-0.007493422691791901,-0.009593303584389392,-0.005912327881271667,promoted_increment
ablation,L5,L4 plus trades G4,artifacts/l5_trade_fixed90_l128_seed2021,group_kfold,2021,80,0.23878563950854148,0.2337234000294085,0.2451219603149381,0.23864817415754422,0.008096282210566658,L4,-0.0014276302667975416,-0.0023778839458605985,-0.000336239066241692,promoted_increment
ablation,L6_C0,L5 plus market context G5,artifacts/c0_full_clean_fixed90_l128_seed2021,group_kfold,2021,92,0.2336241853759058,0.22947706057480308,0.23848733315902373,0.23350125781674375,0.0075733485695968624,L5,-0.00516145413263569,-0.0076120738579264595,-0.0032881904853617736,clean_reference
identity,I1,L6 plus categorical stock_id,artifacts/i1_full_clean_stockid_fixed90_l128_seed2021,group_kfold,2021,93,0.22891121334477446,0.22462917065831628,0.2340147062563417,0.2287953983825516,0.007276323265143612,L6_C0,-0.0047129720311313295,-0.005240832418788155,-0.004187837025740248,promoted_component
identity,I2,L6 plus fold-safe stock target statistics,artifacts/i2_full_clean_targetstats_fixed90_l128_seed2021,group_kfold,2021,96,0.2296072504930818,0.22519988510012623,0.23477814873641717,0.22945159397812245,0.008448635397646832,L6_C0,-0.00401693488282398,-0.004748046794872045,-0.003238255118420632,signal_but_not_selected
identity,I1_I2,L6 plus stock_id and fold-safe target statistics,artifacts/i12_full_clean_stockid_targetstats_fixed90_l128_seed2021,group_kfold,2021,97,0.2287559457518672,0.22467459511241647,0.23362939188234869,0.22865402852179106,0.006823279734922669,,,,,no_robust_increment_over_I1
cluster,C1,L6 plus outer-train target-free feature clusters and LOO aggregates,artifacts/c1_featurecluster_full_clean_fixed90_l128_seed2021,group_kfold,2021,163,0.22226994788006577,0.21810091344546118,0.22774915727029577,0.2221520901108956,0.007233969480271828,L6_C0,-0.011354237495840025,-0.012940154564217269,-0.00962896692381006,promoted_component
cluster,C2,L6 plus outer-train target-correlation clusters and LOO aggregates,artifacts/c2_targetcluster_full_clean_fixed90_l128_seed2021,group_kfold,2021,163,0.22326659625595843,0.21908809426490516,0.22833641335128876,0.2231601277394682,0.006890797052536518,L6_C0,-0.010357589119947358,-0.011813998328889873,-0.008832557745583103,not_selected
candidate,C1_I1_128,L6 plus C1 plus stock_id with 128 leaves,artifacts/c1i1_featurecluster_stockid_fixed90_l128_seed2021,group_kfold,2021,164,0.21899061493813107,0.21484207061306437,0.2241953795389065,0.21885501209996022,0.007701815560818735,C1,-0.003279332941934693,-0.003946199324819867,-0.0025909141351052765,development_reference
robustness,C1_I1_128_rerun,exact deterministic rerun,artifacts/c1i1_featurecluster_stockid_fixed90_l128_seed2021_rerun,group_kfold,2021,164,0.21899061493813107,0.21484207061306437,0.2241953795389065,0.21885501209996022,0.007701815560818735,,,,,reproducibility_pass
robustness,C1_I1_128_seed7,128 leaves second GroupKFold seed,artifacts/c1i1_featurecluster_stockid_group5_fixed90_l128_seed7,group_kfold,7,164,0.21877603071342516,0.21450111028545255,0.22374956047309671,0.2187355293178157,0.004209071768811009,,,,,robustness_reference
robustness,C1_I1_128_feature_balanced,128 leaves feature-balanced split,artifacts/c1i1_featurecluster_stockid_featurebalanced_fixed90_l128_seed2021,feature_balanced,2021,164,0.2184584456940767,0.2145449047824935,0.22318038210421426,0.218422517375564,0.003959350508095079,,,,,robustness_reference
sensitivity,C1_I1_leaves64,64-leaf sensitivity,artifacts/sensitivity_c1i1_leaves64_seed2021,group_kfold,2021,164,0.21950771179630427,0.21564914061370516,0.22437087165283165,0.2193886228862186,0.007226151668539675,C1_I1_128,0.0005170968581731938,-0.00008380853342627447,0.0010362359070349512,not_selected
sensitivity,C1_I1_clip999,128 leaves with 99.9-percentile weight clipping,artifacts/sensitivity_c1i1_clip999_seed2021,group_kfold,2021,164,0.21863752116193128,0.2148631602195802,0.22346130398324557,0.2185136110315145,0.007356186104884115,C1_I1_128,-0.00035309377619979765,-0.0014416381567497894,0.0005548541292583988,not_selected
final_lightgbm,C1_I1_256,C1 plus stock_id with 256 leaves,artifacts/final_candidate_c1i1_leaves256_group5_seed2021,group_kfold,2021,164,0.2183344211236179,0.21413562086050789,0.22384350642964032,0.21818879941648867,0.0079691288663616,C1_I1_128,-0.0006561938145131785,-0.0015338253793280496,0.00018086358023593668,promoted_single_model_reference_and_ensemble_component
robustness,C1_I1_256_seed7,256 leaves second GroupKFold seed,artifacts/confirm_c1i1_leaves256_group5_seed7,group_kfold,7,164,0.21804429063264927,0.21375203994592198,0.22293657046220164,0.21800722887710103,0.00401955880110329,C1_I1_128_seed7,-0.0007317400807758945,-0.0012472880865635346,-0.00022027786134754681,same_dataset_frozen_oof_directional_support
robustness,C1_I1_256_feature_balanced,256 leaves feature-balanced split,artifacts/confirm_c1i1_leaves256_featurebalanced_seed2021,feature_balanced,2021,164,0.2181614028569038,0.21416943129345287,0.2230642610771819,0.21811907959976326,0.004294562428216636,C1_I1_128_feature_balanced,-0.0002970428371729117,-0.0008607688523047926,0.0002991869724191922,same_dataset_directional_inconclusive
diagnostic,C1_I1_128_dropjump,128 leaves with jump group removed,artifacts/confirm_drop_jump_c1i1_fixed90_seed2021,group_kfold,2021,160,0.21856281049728732,0.21453554044649178,0.22381406133629161,0.21842596150619292,0.007729473895615382,C1_I1_128,-0.00042780444084375424,-0.0011115583990233626,0.0001601821806673491,inconclusive_keep_original_group
mlp,MLP_curated_nested,44 curated features plus stock embedding,artifacts/mlp_curated_nested_group5_seed2021,group_kfold,2021,44,0.22734556590976202,0.22353778934002136,0.23192014845054693,0.22724077556604239,0.0068971948373908526,,,,,component_of_strict_nested_development_headline
final_ensemble,LGB256_MLP_strict_nested_calibration_blend,one-fold grouped calibration holdout inside each outer train,artifacts/nested_blend_c1i1_lgb256_mlp_seed2021,group_kfold,2021,,0.2171231602226673,0.21292248967867017,0.22240365121575606,0.2169990288478097,0.007336867643450696,C1_I1_256,-0.0012112609009505837,-0.0019412612522246393,-0.0005575087719523227,promoted_strict_nested_ensemble_development_headline
exploratory,LGB256_MLP_posthoc_oof_blend,leave-one-fold-direct-loss-out blend with indirect outer-label path,artifacts/final_blend_c1i1_lgbm256_mlp_nested_seed2021_hardened,group_kfold,2021,,0.21685646232185685,0.21268655292641547,0.22207489088784257,0.216727803440101,0.007464903051092,C1_I1_256,-0.0014779588017610479,-0.00228578682857828,-0.0007959009107577688,exploratory_posthoc_oof_blend_not_promotion
robustness,MLP_fixed50_seed7,44 curated features plus stock embedding with fixed 50 epochs,artifacts/confirm_mlp_curated_fixed50_group5_seed7,group_kfold,7,44,0.22659535226536281,0.22325445772847718,0.23039018357487012,0.2265650815842691,0.0037023041589893412,,,,,protocol_variant_directional_diagnostic_not_preregistered
exploratory,LGB256_MLP_posthoc_oof_blend_seed7,protocol-variant blend with indirect outer-label path,artifacts/confirm_blend_c1i1_lgbm256_mlp_fixed50_seed7,group_kfold,7,,0.2162360622886362,0.212417870990663,0.22075313088460505,0.216200031424432,0.003946560342382,C1_I1_256_seed7,-0.001808228344013063,-0.0027828841914968277,-0.0009998505570673944,exploratory_posthoc_oof_blend_directional_only
diagnostic,C_oracle,global target-cluster mapping with matched LOO aggregates,artifacts/coracle_global_targetcluster_full_clean_fixed90_l128_seed2021,group_kfold,2021,163,0.2228616503387885,0.21906022569050698,0.22745277677249573,0.22275362118463476,0.0069354804261506685,C2,-0.000404945917169941,-0.0012477332342894954,0.00037068372174171746,oracle_never_select
negative_control,global_shuffle999,globally permuted target with 128-leaf C1 plus I1,artifacts/negative_control_shuffle999_c1i1_fixed90,group_kfold,2021,164,0.5547446293233087,0.5519012354075606,0.5578012040400223,0.5547412844469228,0.001926062741999262,,,,,coarse_lgb128_direct_alignment_diagnostic
negative_control,group_shuffle_stock_constant,stock-optimal constant under group shuffle,artifacts/baseline_groupshuffle999_group5_seed2021_with_stockconstant,group_kfold,2021,0,0.45980421623910267,0.45383438569459794,0.46631752054251174,,,,,,,group_shuffle_reference_for_lgb128_scope
negative_control,group_shuffle_lgb128,128-leaf C1 plus I1 under group shuffle,artifacts/negative_control_groupshuffle999_c1i1_fixed90,group_kfold,2021,164,0.4982171891194535,0.4892438489254665,0.5079798612856348,0.49815206686714664,0.008056299313353166,group_shuffle_stock_constant,0.03841297288035084,0.032258687840717816,0.044668901837988724,no_gross_direct_alignment_signal_lgb128_only_not_leakage_proof
